Model,p,Adj_R2,AIC,BIC,CondNum,RMSE,MAE,CV_R2
OLS_all99,99,0.6782035542318219,-2314.382063542325,-1754.5922684901466,915.339689087635,0.13632293581012267,0.0960345447022596,0.6574687812134001
OLS_SectionA_7var,7,0.5851577893099384,-1897.3692993561674,-1852.586115751993,18.381732315350135,0.15050916066028394,0.10816978430551108,0.5824695372570741
OLS_postLasso19,19,0.6638410001885834,-2304.820242943159,-2192.862283932723,65.45750966065118,0.1360790715632417,0.09469761345288638,0.658693173924412
OLS_final13,13,0.6619053930117693,-2299.320100171659,-2220.949528864354,42.92746359698032,0.13622942959109133,0.09441909692503625,0.6579385160299187
