variable,mean,std,min,max
PctPopUnderPov,0.30302407221664995,0.22847414282815576,0.0,1.0
PctNotHSGrad,0.38332998996990975,0.20250796923804532,0.0,1.0
PctUnemployed,0.36353059177532604,0.20217128534267853,0.0,1.0
PctKids2Par,0.6206569709127383,0.20635347302494148,0.0,1.0
PctVacantBoarded,0.20452858575727184,0.21777026206519964,0.0,1.0
PopDens,0.23285356068204613,0.20309183550213503,0.0,1.0
population,0.057592778335005014,0.1269058331389872,0.0,1.0
ViolentCrimesPerPop,0.2379789368104313,0.2329849017279643,0.0,1.0
